colecc,linea,estilo,mater,color,descrip,habilitado
OTIN12,ABY 2,13681,CM,NE,13681 CAMALEON NEGRO,T
OTIN12,ABY 2,13681,GA,CC,13681 GAMUZA CHOCOLATE,T
OTIN12,ABY 2,13681,GA,NE,13681 GAMUZA NEGRO,T
OTIN12,ABY 2,13681,GA,VI,13681 GAMUZA VINO,T
OTIN13,GELLY USA,P5016,PI,TU,P5016 PIEL TAUPE,T
OTIN13,GELLY USA,P5017,PI,NE,P5017 PIEL NEGRO,T
OTIN13,MONO,P5008,PI,CA,P5008 PIEL CAFE,T
OTIN13,PIEDRA,P5012,PI,TU,P5012 PIEL TAUPE,T
OTIN13,REMEDIOS,10525,AN,NE,10525 ANTE NEGRO,T
OTIN13,REMEDIOS,10525,CH,NE,10525 CHAROL NEGRO,T
OTIN13,REMEDIOS,10525,CH,PA,10525 CHAROL PATHE,T
OTIN13,REMEDIOS,10525,CH,RO,10525 CHAROL ROJO,T
OTIN13,ROCKSTAR,P5010,PI,TU,P5010 PIEL TAUPE,T
OTIN14,BICKER,P5037,PI,CA,P5037 PIEL CAFE,T
OTIN14,BICKER,P5038,PI,NE,P5038 PIEL NEGRO,T
OTIN14,BIS USA,P5042,PI,CG,P5042 PIEL COGNAC,T
OTIN14,BIS USA,P5067,PI,CG,P5067 PIEL COGNAC,T
OTIN14,BIS USA,PB018,PI,CG,PB018 PIEL COGNAC,T
OTIN14,CHABELAUSA,P5018,PI,CG,P5018 PIEL COGNAC,T
OTIN14,CHABELAUSA,PB002,PI,TU,PB002 PIEL TAUPE,T
OTIN14,GELLY USA,P5043,PI,NE,P5043 PIEL NEGRO,T
OTIN14,GELLY USA,P5078,PI,CG,P5078 PIEL COGNAC,T
OTIN14,GELLY USA,P5079,PI,NE,P5079 PIEL NEGRO,T
OTIN14,GELLY USA,PB004,PI,CG,PB004 PIEL COGNAC,T
OTIN14,GELLY USA,PB012,PI,TU,PB012 PIEL TAUPE,T
OTIN14,JANGO,P5007,PI,CA,P5007 PIEL CAFE,T
OTIN14,STA,P5036,PI,TU,P5036 PIEL TAUPE,T
OTIN14,STA,P5056,PI,CA,P5056 PIEL CAFE,T
OTIN14,STA,PB003,PI,TU,PB003 PIEL TAUPE,T
OTIN14,STO,P5044,PI,NE,P5044 PIEL NEGRO,T
OTIN14,STO,P5045,PI,NE,P5045 PIEL NEGRO,T
OTIN14,STO,P5099,PI,NE,P5099 PIEL NEGRO,T
OTIN14,STO,P5100,PI,CA,P5100 PIEL CAFE,T
OTIN14,TIARA,90036,CH,NE,90036 CHAROL NEGRO,T
OTIN14,TIARA,90036,PI,NE,90036 PIEL NEGRO,T
OTIN14,TIARA,90036,PI,PA,90036 PIEL PATHE,T
OTIN14,TROPA USA,P5069,PI,CG,P5069 PIEL COGNAC,T
OTIN14,TROPA USA,P5070,PI,NE,P5070 PIEL NEGRO,T
OTIN14,TROPA USA,P5076,PI,CG,P5076 PIEL COGNAC,T
OTIN15,ABY 2,13681,CM,AL,13681 CAMALEON AZUL,T
OTIN15,ABY 2,13681,CM,VI,13681 CAMALEON VINO,T
OTIN15,ALPES,12647,CH,PL,12647 CHAROL PLATA,T
OTIN15,ALPES,12647,DU,BU,12647 DURAZNO BURGUNDY,T
OTIN15,ALPES,12647,DU,C7,12647 DURAZNO CARBON,T
OTIN15,ALPES,12647,DU,GM,12647 DURAZNO MAGENTA,T
OTIN15,ALPES,12647,DU,MO,12647 DURAZNO MORADO,T
OTIN15,ALPES,12647,DU,NA,12647 DURAZNO NARANJA,T
OTIN15,ALPES,12647,DU,NE,12647 DURAZNO NEGRO,T
OTIN15,ALPES,12647,DU,RO,12647 DURAZNO ROJO,T
OTIN15,ALPES,12647,KS,NE,12647 KANSAS NEGRO,T
OTIN15,ALPES,12647,NA,AM,12647 NAPA A MARINO,T
OTIN15,ALPES,12647,NA,M_,12647 NAPA MAQUILLAJE,T
OTIN15,ALPES,12647,P¥,BL,12647 SINT PERFORA BLANCO,T
OTIN15,ALPES,12647,SI,CM,12647 SINTETICO CAMELLO,T
OTIN15,ALPES,12647,TX,TI,12647 TEXTIL ANTIMONIO,T
OTIN15,ALPES,12647,VB,FI,12647 VIBORA FIUSHA,T
OTIN15,ALPES,12647,VB,OC,12647 VIBORA OCRE,T
OTIN15,ALPES,12647,VB,OF,12647 VIBORA OXFORD,T
OTIN15,ALPES,12647,VB,PL,12647 VIBORA PLATA,T
OTIN15,AND MIU,2461,SI,NE,2461  SINTETICO NEGRO,T
OTIN15,AND MIU,2461,SI,VI,2461  SINTETICO VINO,T
OTIN15,BIS USA,PB020,PJ,VI,PB020 PIEL JENNA VINO,T
OTIN15,CANDY,11077,VB,OC,11077 VIBORA OCRE,T
OTIN15,CANDY,11077,VB,OF,11077 VIBORA OXFORD,T
OTIN15,CANDY,11077,VB,PL,11077 VIBORA PLATA,T
OTIN15,FRESA,10673,EP,PL,10673 ESPEJO PLATA,T
OTIN15,FRESA,10673,SM,VI,10673 PI SAMUA VINO,T
OTIN15,GELLY USA,P5102,PJ,CA,P5102 PIEL JENNA CAFE,T
OTIN15,GELLYCUERO,PB019,PI,NE,PB019 PIEL NEGRO,T
OTIN15,GELLYCUERO,PB023,PI,CA,PB023 PIEL CAFE,T
OTIN15,JACK,35081,AT,NE,35081 ATANADO NEGRO,T
OTIN15,JACK,35082,AT,NE,35082 ATANADO NEGRO,T
OTIN15,LESILLA,1127,PI,MI,1127  PIEL MIEL,T
OTIN15,LESILLA,1127,PI,NE,1127  PIEL NEGRO,T
OTIN15,LIMA,20081,ML,BL,20081 MALLA BLANCO,T
OTIN15,LIMA,20081,ML,RN,20081 MALLA NEGRO/ROSA,T
OTIN15,LIMA,20081,ML,RS,20081 MALLA ROSA,T
OTIN15,LIMA,20081,TX,AL,20081 TEXTIL AZUL,T
OTIN15,LIMA,20081,TX,MC,20081 TEXTIL MULTICOLOR,T
OTIN15,LIMA,20081,TX,NS,20081 TEXTIL NEGRO/SALMON,T
OTIN15,MIU,40071,CM,NE,40071 CAMALEON NEGRO,T
OTIN15,MIU,40071,TR,OS,40071 TERNERA ORO ROSADO,T
OTIN15,MIU,40071,TR,PL,40071 TERNERA PLATA,T
OTIN15,MIU,40071,VP,NE,40071 PI VIBORA NEGRO,T
OTIN15,MIU,40072,CH,M_,40072 CHAROL MAQUILLAJE,T
OTIN15,MIU,40072,KS,NE,40072 KANSAS NEGRO,T
OTIN15,MIU,40072,RB,NE,40072 ROMBOS NEGRO,T
OTIN15,MIU,40074,CH,AM,40074 CHAROL A MARINO,T
OTIN15,MIU,40074,CH,M_,40074 CHAROL MAQUILLAJE,T
OTIN15,MIU,40074,CH,NE,40074 CHAROL NEGRO,T
OTIN15,MIU,40074,CH,ON,40074 CHAROL ORO/NEGRO,T
OTIN15,MIU,40074,CH,P_,40074 CHAROL PLATA/PATHE,T
OTIN15,MIU,40074,CH,RO,40074 CHAROL ROJO,T
OTIN15,MIU,40074,EP,OS,40074 ESPEJO ORO ROSADO,T
OTIN15,MIU,40074,EP,PL,40074 ESPEJO PLATA,T
OTIN15,MOSS,16051,DU,VI,16051 DURAZNO VINO,T
OTIN15,MOSS,16052,NA,BL,16052 NAPA BLANCO,T
OTIN15,MOSS,16052,NA,NE,16052 NAPA NEGRO,T
OTIN15,MOSS,16052,VB,NE,16052 VIBORA NEGRO,T
OTIN15,MOSS,16052,VB,PL,16052 VIBORA PLATA,T
OTIN15,MOSS,16052,VB,SG,16052 VIBORA SILVER GREY,T
OTIN15,MOSS,16055,VB,NE,16055 VIBORA NEGRO,T
OTIN15,NICKI,13277,VB,M_,13277 VIBORA MAQUILLAJE,T
OTIN15,NICKI,13277,VB,NE,13277 VIBORA NEGRO,T
OTIN15,RAQUEL,95156,SM,CA,95156 PI SAMUA CAFE,T
OTIN15,RAQUEL,95156,SM,NE,95156 PI SAMUA NEGRO,T
OTIN15,RECTA,4006,PI,NE,4006  PIEL NEGRO,T
OTIN15,RUSSELL,20001,CM,AL,20001 CAMALEON AZUL,T
OTIN15,RUSSELL,20001,CM,BU,20001 CAMALEON BURGUNDY,T
OTIN15,RUSSELL,20001,CM,NE,20001 CAMALEON NEGRO,T
OTIN15,RUSSELL,20001,TR,OS,20001 TERNERA ORO ROSADO,T
OTIN15,RUSSELL,20001,TR,PL,20001 TERNERA PLATA,T
OTIN15,RUSSELL,20003,CM,AL,20003 CAMALEON AZUL,T
OTIN15,RUSSELL,20003,CM,BU,20003 CAMALEON BURGUNDY,T
OTIN15,RUSSELL,20003,CM,NE,20003 CAMALEON NEGRO,T
OTIN15,RUSSELL,20003,TR,OS,20003 TERNERA ORO ROSADO,T
OTIN15,RUSSELL,20003,TR,PL,20003 TERNERA PLATA,T
OTIN15,SKIPER USA,P5111,PI,CA,P5111 PIEL CAFE,T
OTIN15,STU,P5104,NU,CC,P5104 NUBUCK CHOCOLATE,T
OTIN15,TOP,45025,CH,M_,45025 CHAROL MAQUILLAJE,T
OTIN15,TOP,45025,CH,NE,45025 CHAROL NEGRO,T
OTIN15,TOP,45025,CH,PL,45025 CHAROL PLATA,T
OTIN15,VAQUERA,P5101,PI,NE,P5101 PIEL NEGRO,T
OTIN16,ALESSANDRA,13585,FL,NE,13585 FLOTER NEGRO,T
OTIN16,ALESSANDRA,13585,NB,NE,13585 NABUCO NEGRO,T
OTIN16,ALESSANDRA,13585,SV,BL,13585 SINT VAQUETA BLANCO,T
OTIN16,ALPES,12647,AI,B9,12647 ANTELINA BUGAMBILIA,T
OTIN16,ALPES,12647,CH,ZM,12647 CHAROL AZUL MARINO,T
OTIN16,ALPES,12647,GA,TU,12647 GAMUZA TAUPE,T
OTIN16,ALPES,12647,NB,NE,12647 NABUCO NEGRO,T
OTIN16,ALPES,12647,NM,OS,12647 NAPA METALIC ORO ROSADO,T
OTIN16,ALPES,12647,OR,DF,12647 OROPEL DELFIN,T
OTIN16,ALPES,12647,SC,RO,12647 SINT CABRA ROJO,T
OTIN16,ALPES,12647,VB,OS,12647 VIBORA ORO ROSADO,T
OTIN16,ALPES,12647,VB,SG,12647 VIBORA SILVER GREY,T
OTIN16,ALPES,12647,VI,PM,12647 VIBORA SINT PLATA METALICO,T
OTIN16,ALPES,12647,VX,MK,12647 VIBORA REX MOKA,T
OTIN16,ALPES,12647,VX,NE,12647 VIBORA REX NEGRO,T
OTIN16,ALPES,12647,YY,TK,12647 MANTARAYA TEKA,T
OTIN16,AND ALBANY,8048,GA,NE,8048  GAMUZA NEGRO,T
OTIN16,AND ALBANY,8283,GA,C1,8283  GAMUZA CAFE CLARO,T
OTIN16,ANDLAUREN,8043,NU,C1,8043  NUBUCK CAFE CLARO,T
OTIN16,ANDLAUREN,8043,NU,NE,8043  NUBUCK NEGRO,T
OTIN16,ANDLAUREN,8274,PI,MI,8274  PIEL MIEL,T
OTIN16,ANDLAUREN,8274,PI,NE,8274  PIEL NEGRO,T
OTIN16,ANDRUSSELL,10301,SI,PL,10301 SINTETICO PLATA,T
OTIN16,ANDSAAVIOR,8055,GA,CA,8055  GAMUZA CAFE,T
OTIN16,ANDSABRINA,8062,CA,BE,8062  CABRA BEIGE,T
OTIN16,ANDSABRINA,8062,CA,NE,8062  CABRA NEGRO,T
OTIN16,ANDSABRINA,8075,TX,NE,8075  TEXTIL NEGRO,T
OTIN16,ANDSABRINA,8075,TX,YL,8075  TEXTIL YELLOW,T
OTIN16,BARBIE,75015,CH,ZG,75015 CHAROL AZUL GRIS,T
OTIN16,CANDY,11077,CQ,OS,11077 CRAQ ORO ROSADO,T
OTIN16,CANDY,11077,CQ,PL,11077 CRAQ PLATA,T
OTIN16,CANDY,11077,VX,MK,11077 VIBORA REX MOKA,T
OTIN16,CANDY,11077,VX,NE,11077 VIBORA REX NEGRO,T
OTIN16,CANDY,11087,NB,NE,11087 NABUCO NEGRO,T
OTIN16,CANDY,11123,VB,OS,11123 VIBORA ORO ROSADO,T
OTIN16,CANDY,11123,VB,PL,11123 VIBORA PLATA,T
OTIN16,CANDY,11126,GL,NE,11126 GLITTER NEGRO,T
OTIN16,CANDY,11127,NM,OS,11127 NAPA METALIC ORO ROSADO,T
OTIN16,CANDY,11128,SC,NE,11128 SINT CABRA NEGRO,T
OTIN16,CANDY,11128,SC,N_,11128 SINT CABRA NUDE,T
OTIN16,CANDY,11128,SC,RO,11128 SINT CABRA ROJO,T
OTIN16,CANDY,11129,EP,OR,11129 ESPEJO ORO,T
OTIN16,CANDY,11129,EP,OS,11129 ESPEJO ORO ROSADO,T
OTIN16,CANDY,11129,EP,PL,11129 ESPEJO PLATA,T
OTIN16,CANDY,11131,DU,AM,11131 DURAZNO A MARINO,T
OTIN16,CANDY,11131,DU,VI,11131 DURAZNO VINO,T
OTIN16,CANDY,11131,NB,NE,11131 NABUCO NEGRO,T
OTIN16,CRIME USA,P5128,GA,VE,P5128 GAMUZA VERDE,T
OTIN16,CRIME USA,P5129,GA,GR,P5129 GAMUZA GRIS,T
OTIN16,DOLCE,60251,CH,RO,60251 CHAROL ROJO,T
OTIN16,DOLCE,60251,CH,VI,60251 CHAROL VINO,T
OTIN16,DOLCE,60251,CH,ZM,60251 CHAROL AZUL MARINO,T
OTIN16,DOLCE,60251,VX,MK,60251 VIBORA REX MOKA,T
OTIN16,DOLCE,60251,VX,NE,60251 VIBORA REX NEGRO,T
OTIN16,EMILY,10430,LZ,AL,10430 LIZARD AZUL,T
OTIN16,EMILY,10430,LZ,CA,10430 LIZARD CAFE,T
OTIN16,EMILY,10430,LZ,NE,10430 LIZARD NEGRO,T
OTIN16,EMILY,10430,LZ,RO,10430 LIZARD ROJO,T
OTIN16,EMILY,10430,PI,AL,10430 PIEL AZUL,T
OTIN16,EMILY,10430,PI,RO,10430 PIEL ROJO,T
OTIN16,EMILY,10430,PI,TN,10430 PIEL TAN,T
OTIN16,EMILY,10430,PM,OR,10430 PIEL METALIC ORO,T
OTIN16,EMILY,10430,PM,OS,10430 PIEL METALIC ORO ROSADO,T
OTIN16,EMILY,10430,PM,PL,10430 PIEL METALIC PLATA,T
OTIN16,FRESA,10673,CH,VI,10673 CHAROL VINO,T
OTIN16,FRESA,10673,CH,ZM,10673 CHAROL AZUL MARINO,T
OTIN16,FRESA,10673,DU,AK,10673 DURAZNO AZUL METALICO,T
OTIN16,FRESA,10673,EP,OR,10673 ESPEJO ORO,T
OTIN16,FRESA,10673,LZ,OR,10673 LIZARD ORO,T
OTIN16,FRESA,10673,LZ,OS,10673 LIZARD ORO ROSADO,T
OTIN16,FRESA,10673,LZ,PL,10673 LIZARD PLATA,T
OTIN16,FRESA,10673,NB,NE,10673 NABUCO NEGRO,T
OTIN16,FRESA,10685,TX,LB,10685 TEXTIL LEOPARDO BEIGE,T
OTIN16,FRESA,10693,GL,N5,10693 GLITTER NEGRO/PLATA,T
OTIN16,FRESA,10693,GL,NE,10693 GLITTER NEGRO,T
OTIN16,FRESA,10693,GL,NV,10693 GLITTER NEGRO/VINO,T
OTIN16,FRESA,10693,GL,OS,10693 GLITTER ORO ROSADO,T
OTIN16,FRESA,10693,GL,PL,10693 GLITTER PLATA,T
OTIN16,FRESA,10696,AN,NE,10696 ANTE NEGRO,T
OTIN16,FRESA,10696,AN,N_,10696 ANTE NUDE,T
OTIN16,FRESA,10696,AN,TU,10696 ANTE TAUPE,T
OTIN16,FRESA,10697,GX,SG,10697 GALAXY SILVER GREY,T
OTIN16,FRESA,10697,NB,NE,10697 NABUCO NEGRO,T
OTIN16,FRESA,10697,SC,N_,10697 SINT CABRA NUDE,T
OTIN16,FRESA,10697,SC,RO,10697 SINT CABRA ROJO,T
OTIN16,FRESA,10698,NU,CC,10698 NUBUCK CHOCOLATE,T
OTIN16,IRIS,30091,RP,NE,30091 REPTIL NEGRO,T
OTIN16,IRIS,30091,TX,VI,30091 TEXTIL VINO,T
OTIN16,IRIS,30092,CH,NE,30092 CHAROL NEGRO,T
OTIN16,IRIS,30092,CH,NH,30092 CHAROL NEGRO/ORO,T
OTIN16,IRIS,30092,ST,VI,30092 SINT TOGA VINO,T
OTIN16,KERR,17011,IN,OS,17011 INTERESTELAR ORO ROSADO,T
OTIN16,KERR,17011,IN,PL,17011 INTERESTELAR PLATA,T
OTIN16,KERR,17011,P1,AL,17011 PERFORADO AZUL,T
OTIN16,KERR,17011,P1,BL,17011 PERFORADO BLANCO,T
OTIN16,KERR,17011,P1,NE,17011 PERFORADO NEGRO,T
OTIN16,KERR,17011,VB,BN,17011 VIBORA BLANCO NEGRO,T
OTIN16,KERR,17011,VB,NB,17011 VIBORA NE/BLANCO,T
OTIN16,KERR,17012,SC,N_,17012 SINT CABRA NUDE,T
OTIN16,KERR,17012,SH,PL,17012 TOGA SHAIN PLATA,T
OTIN16,KERR,17012,VX,NE,17012 VIBORA REX NEGRO,T
OTIN16,LESILLA,14076,FR,MO,14076 FLORES MORADO,T
OTIN16,LESILLA,14863,TX,CV,14863 TEXTIL CALAVERAS,T
OTIN16,LESILLA120,8044,TX,NE,8044  TEXTIL NEGRO,T
OTIN16,LESILLA120,8044,TX,RO,8044  TEXTIL ROJO,T
OTIN16,LESILLA120,8044,TX,YL,8044  TEXTIL YELLOW,T
OTIN16,LESILLA120,8053,SI,CA,8053  SINTETICO CAFE,T
OTIN16,LESILLA120,8053,SI,NE,8053  SINTETICO NEGRO,T
OTIN16,LESILLA120,8214,ME,AL,8214  MEZCLILLA AZUL,T
OTIN16,LESILLA120,8214,TX,MO,8214  TEXTIL MORADO,T
OTIN16,LESILLA120,8214,TX,NE,8214  TEXTIL NEGRO,T
OTIN16,LILIA,90075,GL,NE,90075 GLITTER NEGRO,T
OTIN16,LILIA,90075,GL,OO,90075 GLITTER PLOMO,T
OTIN16,LILIA,90075,GL,OS,90075 GLITTER ORO ROSADO,T
OTIN16,LILIA,90075,GL,PL,90075 GLITTER PLATA,T
OTIN16,MIU,40071,RP,NE,40071 REPTIL NEGRO,T
OTIN16,MIU,40071,VB,GR,40071 VIBORA GRIS,T
OTIN16,MIU,40071,VB,M1,40071 VIBORA MAQUILLAJE/ORO,T
OTIN16,MIU,40074,CH,HP,40074 CHAROL PATHE/PATHE,T
OTIN16,MIU,40074,EP,OR,40074 ESPEJO ORO,T
OTIN16,MIU,40074,NA,VI,40074 NAPA VINO,T
OTIN16,MIU,40074,NB,NE,40074 NABUCO NEGRO,T
OTIN16,MIU,40074,VB,GR,40074 VIBORA GRIS,T
OTIN16,MIU,40074,VB,M1,40074 VIBORA MAQUILLAJE/ORO,T
OTIN16,MIU,40074,VB,NV,40074 VIBORA NEGRO/VINO,T
OTIN16,MOSS,16051,AO,NE,16051 ANACONDA NEGRO,T
OTIN16,MOSS,16051,VB,OM,16051 VIBORA CAMEL/ORO,T
OTIN16,MOSS,16051,VB,UP,16051 VIBORA TOUPE/PLATA,T
OTIN16,MOSS,16052,VB,OS,16052 VIBORA ORO ROSADO,T
OTIN16,MOSS,16053,SK,BL,16053 SNAKE BLANCO,T
OTIN16,MOSS,16053,SK,NE,16053 SNAKE NEGRO,T
OTIN16,MOSS,16053,VB,TU,16053 VIBORA TAUPE,T
OTIN16,ODETTA,90115,SM,CA,90115 PI SAMUA CAFE,T
OTIN16,ODETTA,90115,SM,NE,90115 PI SAMUA NEGRO,T
OTIN16,ODETTA,90116,SM,CA,90116 PI SAMUA CAFE,T
OTIN16,ODETTA,90116,SM,NE,90116 PI SAMUA NEGRO,T
OTIN16,ODETTA,90116,SM,VI,90116 PI SAMUA VINO,T
OTIN16,ODETTA,90117,CB,NE,90117 COBRA NEGRO,T
OTIN16,OLIVIA,95031,SM,NE,95031 PI SAMUA NEGRO,T
OTIN16,OLIVIA,95031,SM,VI,95031 PI SAMUA VINO,T
OTIN16,OLIVIA,95032,AN,CG,95032 ANTE COGNAC,T
OTIN16,OLIVIA,95032,AN,NE,95032 ANTE NEGRO,T
OTIN16,OLIVIA,95032,AN,TU,95032 ANTE TAUPE,T
OTIN16,OLIVIA,95033,NU,CA,95033 NUBUCK CAFE,T
OTIN16,OLIVIA,95033,NU,NE,95033 NUBUCK NEGRO,T
OTIN16,OLIVIA 2,95041,CH,NE,95041 CHAROL NEGRO,T
OTIN16,OLIVIA 2,95041,CH,PA,95041 CHAROL PATHE,T
OTIN16,OLIVIA 2,95041,CH,VI,95041 CHAROL VINO,T
OTIN16,PECAS,80266,SM,NE,80266 PI SAMUA NEGRO,T
OTIN16,PECAS,80268,GA,NE,80268 GAMUZA NEGRO,T
OTIN16,RAQUEL,95157,DU,NE,95157 DURAZNO NEGRO,T
OTIN16,RAQUEL,95157,DU,TU,95157 DURAZNO TAUPE,T
OTIN16,RECTA,4006,SM,NN,4006  PI SAMUA NEGRO/NEGRO,T
OTIN16,RECTA,8041,PI,CA,8041  PIEL CAFE,T
OTIN16,RECTA,8041,PI,NE,8041  PIEL NEGRO,T
OTIN16,REMEDIOS,10529,AN,CG,10529 ANTE COGNAC,T
OTIN16,REMEDIOS,10529,AN,TU,10529 ANTE TAUPE,T
OTIN16,RUSSELL,20004,CM,NE,20004 CAMALEON NEGRO,T
OTIN16,RUSSELL,20004,TR,OR,20004 TERNERA ORO,T
OTIN16,RUSSELL,20004,TR,OS,20004 TERNERA ORO ROSADO,T
OTIN16,RUSSELL,20004,TR,PL,20004 TERNERA PLATA,T
OTIN16,SARA,11061,CH,NE,11061 CHAROL NEGRO,T
OTIN16,SARA,11061,CH,PA,11061 CHAROL PATHE,T
OTIN16,SARA,11061,SK,OO,11061 SNAKE PLOMO,T
OTIN16,SPICE,13626,SA,NE,13626 SATIN NEGRO,T
OTIN16,SPICE,13626,SA,PL,13626 SATIN PLATA,T
OTIN16,SPICE,13627,GL,OO,13627 GLITTER PLOMO,T
OTIN16,SPICE,13627,GL,OS,13627 GLITTER ORO ROSADO,T
OTIN16,TAYLOR,65032,CM,NE,65032 CAMALEON NEGRO,T
OTIN16,TAYLOR,65032,CM,VI,65032 CAMALEON VINO,T
OTIN16,TAYLOR,65033,CH,NE,65033 CHAROL NEGRO,T
OTIN16,TAYLOR,65033,CH,PA,65033 CHAROL PATHE,T
OTIN16,TAYLOR,65033,NM,OR,65033 NAPA METALIC ORO,T
OTIN16,TAYLOR,65033,NM,OS,65033 NAPA METALIC ORO ROSADO,T
OTIN16,TAYLOR,65033,NM,PL,65033 NAPA METALIC PLATA,T
OTIN16,VAQUERA,P5124,GA,NE,P5124 GAMUZA NEGRO,T
OTIN16,VAQUERA,P5125,GA,OL,P5125 GAMUZA OLIVO,T
OTIN16,VAQUERA,P5126,GA,VI,P5126 GAMUZA VINO,T
OTIN16,VAQUERA,P5127,GA,AL,P5127 GAMUZA AZUL,T
OTIN16,ZOE,13901,DU,AL,13901 DURAZNO AZUL,T
OTIN16,ZOE,13901,DU,N_,13901 DURAZNO NUDE,T
OTIN16,ZOE,13901,DU,VI,13901 DURAZNO VINO,T
OTIN16,ZOE,13904,CH,NE,13904 CHAROL NEGRO,T
OTIN16,ZOE,13904,SI,BU,13904 SINTETICO BURGUNDY,T
OTIN16,ZOMBIE,8057,PI,MI,8057  PIEL MIEL,T
OTIN16,ZOMBIE,8057,PI,NE,8057  PIEL NEGRO,T
OTIN16,ZOMBIE,8060,PI,NE,8060  PIEL NEGRO,T
OTIN17,NICKI,13275,TC,AL,13275 TERCIOPELO AZUL,T
OTIN17,NICKI,13275,TC,VI,13275 TERCIOPELO VINO,T
OTIN17,OLIVIA 2,95042,TC,AL,95042 TERCIOPELO AZUL,T
OTIN17,OLIVIA 2,95042,TC,GR,95042 TERCIOPELO GRIS,T
OTIN17,RAQUEL,95157,TC,NE,95157 TERCIOPELO NEGRO,T
PRVE,CANDY,11123,SV,BL,11123 SINT VAQUETA BLANCO,T
PRVE11,ALPES,12647,AM,NE,12647 AMAZONAS NEGRO,T
PRVE11,ALPES,12647,AM,PA,12647 AMAZONAS PATHE,T
PRVE11,ALPES,12647,AN,NE,12647 ANTE NEGRO,T
PRVE11,ALPES,12647,CH,AY,12647 CHAROL AZUL ROYAL,T
PRVE11,ALPES,12647,CH,ES,12647 CHAROL ESCARLATE,T
PRVE11,ALPES,12647,CH,NE,12647 CHAROL NEGRO,T
PRVE11,ALPES,12647,CH,N_,12647 CHAROL NUDE,T
PRVE11,ALPES,12647,CH,PA,12647 CHAROL PATHE,T
PRVE11,ALPES,12647,CH,PO,12647 CHAROL PORCELANA,T
PRVE11,ALPES,12647,GL,CH,12647 GLITTER CHAMPACNE,T
PRVE11,ALPES,12647,GL,NE,12647 GLITTER NEGRO,T
PRVE11,ALPES,12647,GL,PL,12647 GLITTER PLATA,T
PRVE11,ALPES,12647,SI,AL,12647 SINTETICO AZUL,T
PRVE11,ALPES,12647,SI,NE,12647 SINTETICO NEGRO,T
PRVE11,ALPES,12647,SI,TU,12647 SINTETICO TAUPE,T
PRVE11,ALPES,12647,TF,NE,12647 TEXTIL FLORE NEGRO,T
PRVE11,ALPES,12647,TX,AM,12647 TEXTIL A MARINO,T
PRVE11,ALPES,12647,TX,CH,12647 TEXTIL CHAMPACNE,T
PRVE11,ALPES,12647,TX,CM,12647 TEXTIL CAMELLO,T
PRVE11,ALPES,12647,TX,PI,12647 TEXTIL PIUTER,T
PRVE11,ALPES,12647,TX,RS,12647 TEXTIL ROSA,T
PRVE11,ALPES,12647,TX,TU,12647 TEXTIL TAUPE,T
PRVE11,ALPES,12647,TX,VI,12647 TEXTIL VINO,T
PRVE11,ALPES,12647,VB,BL,12647 VIBORA BLANCO,T
PRVE11,ALPES,12647,VB,M_,12647 VIBORA MAQUILLAJE,T
PRVE11,ALPES,12647,VB,NE,12647 VIBORA NEGRO,T
PRVE12,BARBIE,75015,CH,AY,75015 CHAROL AZUL ROYAL,T
PRVE12,BARBIE,75015,CH,BL,75015 CHAROL BLANCO,T
PRVE12,BARBIE,75015,CH,NE,75015 CHAROL NEGRO,T
PRVE12,BARBIE,75015,CH,N_,75015 CHAROL NUDE,T
PRVE12,BARBIE,75015,CH,PA,75015 CHAROL PATHE,T
PRVE12,BARBIE,75015,CH,PO,75015 CHAROL PORCELANA,T
PRVE12,BARBIE,75015,CH,RO,75015 CHAROL ROJO,T
PRVE12,BARBIE,75015,PI,AM,75015 PIEL A MARINO,T
PRVE12,BARBIE,75015,SI,AM,75015 SINTETICO A MARINO,T
PRVE12,BARBIE,75015,SI,CH,75015 SINTETICO CHAMPACNE,T
PRVE12,BARBIE,75015,SI,NE,75015 SINTETICO NEGRO,T
PRVE12,BARBIE,75015,SI,N_,75015 SINTETICO NUDE,T
PRVE12,BARBIE,75015,SI,PI,75015 SINTETICO PIUTER,T
PRVE12,BARBIE,75015,VB,BL,75015 VIBORA BLANCO,T
PRVE12,BARBIE,75015,VB,M_,75015 VIBORA MAQUILLAJE,T
PRVE12,BARBIE,75015,VB,NE,75015 VIBORA NEGRO,T
PRVE13,CANDY,11077,CH,NE,11077 CHAROL NEGRO,T
PRVE13,CANDY,11077,CH,PA,11077 CHAROL PATHE,T
PRVE13,CANDY,11077,TR,RD,11077 TERNERA ROSADO,T
PRVE13,CANDY,11077,TX,PL,11077 TEXTIL PLATA,T
PRVE13,CANDY,11077,VB,BL,11077 VIBORA BLANCO,T
PRVE13,CANDY,11077,VB,M_,11077 VIBORA MAQUILLAJE,T
PRVE13,CANDY,11077,VB,NE,11077 VIBORA NEGRO,T
PRVE13,GRAVA USA,P5006,PI,TU,P5006 PIEL TAUPE,T
PRVE13,LESILLA,14076,TX,NE,14076 TEXTIL NEGRO,T
PRVE14,BARBIE,75016,SA,DU,75016 SATIN DURAZNO,T
PRVE14,BARBIE,75016,SA,NE,75016 SATIN NEGRO,T
PRVE14,BARBIE,75016,SA,PL,75016 SATIN PLATA,T
PRVE14,BARBIE,75017,GL,CH,75017 GLITTER CHAMPACNE,T
PRVE14,BARBIE,75017,GL,NE,75017 GLITTER NEGRO,T
PRVE14,BARBIE,75017,GL,PL,75017 GLITTER PLATA,T
PRVE14,BARBIE,75017,SI,NE,75017 SINTETICO NEGRO,T
PRVE14,BARBIE,75017,SI,OR,75017 SINTETICO ORO,T
PRVE14,BIS USA,P5020,PI,TN,P5020 PIEL TAN,T
PRVE14,BIS USA,P5021,PI,NE,P5021 PIEL NEGRO,T
PRVE14,CHERRY,14111,CH,NE,14111 CHAROL NEGRO,T
PRVE14,CHERRY,14111,CH,PA,14111 CHAROL PATHE,T
PRVE14,CHERRY,14111,CH,PO,14111 CHAROL PORCELANA,T
PRVE14,GELLY USA,P5022,PI,TN,P5022 PIEL TAN,T
PRVE14,GELLY USA,P5023,PI,NE,P5023 PIEL NEGRO,T
PRVE14,GELLY USA,P5024,PI,CG,P5024 PIEL COGNAC,T
PRVE14,LLANTA USA,P5033,PI,TN,P5033 PIEL TAN,T
PRVE14,LLANTA USA,P5034,PI,NE,P5034 PIEL NEGRO,T
PRVE14,PINGUI,11571,PI,NE,11571 PIEL NEGRO,T
PRVE14,PINGUI,11571,PI,PA,11571 PIEL PATHE,T
PRVE15,ALPES,12647,TF,FI,12647 TEXTIL FLORE FIUSHA,T
PRVE15,BRITNEY,P2001,SI,BE,P2001 SINTETICO BEIGE,T
PRVE15,BRITNEY,P2001,SI,NE,P2001 SINTETICO NEGRO,T
PRVE15,BRITNEY,P5158,SI,BE,P5158 SINTETICO BEIGE,T
PRVE15,BRITNEY,P5158,SI,NE,P5158 SINTETICO NEGRO,T
PRVE15,BRITNEY,P5158,SI,PL,P5158 SINTETICO PLATA,T
PRVE15,BRITNEY,P5159,SI,BE,P5159 SINTETICO BEIGE,T
PRVE15,BRITNEY,P5159,SI,PL,P5159 SINTETICO PLATA,T
PRVE15,BRITNEY,P8383,SI,BE,P8383 SINTETICO BEIGE,T
PRVE15,BRITNEY,P8383,SI,PI,P8383 SINTETICO PIUTER,T
PRVE15,CANDY,11119,NA,B5,11119 NAPA BLANCO/ORO,T
PRVE15,CORAL,01305,GL,PL,01305 GLITTER PLATA,T
PRVE15,CORAL,01305,PA,NE,01305 PAMPA NEGRO,T
PRVE15,FRESA,10673,CH,AQ,10673 CHAROL AQUA,T
PRVE15,FRESA,10673,CH,M_,10673 CHAROL MAQUILLAJE,T
PRVE15,FRESA,10673,CH,NE,10673 CHAROL NEGRO,T
PRVE15,FRESA,10673,CH,P1,10673 CHAROL PAPAYA,T
PRVE15,FRESA,10673,CH,PA,10673 CHAROL PATHE,T
PRVE15,FRESA,10673,CH,RO,10673 CHAROL ROJO,T
PRVE15,FRESA,10673,PI,NE,10673 PIEL NEGRO,T
PRVE15,FRESA,10673,PT,PA,10673 PI BRUSCIATO PATHE,T
PRVE15,FRESA,10673,PT,VI,10673 PI BRUSCIATO VINO,T
PRVE15,FRESA,10673,SM,NE,10673 PI SAMUA NEGRO,T
PRVE15,FRESA,10673,VB,NE,10673 VIBORA NEGRO,T
PRVE15,FRESA,10673,VB,PA,10673 VIBORA PATHE,T
PRVE15,GELLY USA,P5083,PI,NE,P5083 PIEL NEGRO,T
PRVE15,MIU,40071,SM,GR,40071 PI SAMUA GRIS,T
PRVE15,MOSS,16051,EC,NE,16051 ESCALA NEGRO,T
PRVE15,MOSS,16051,EC,PL,16051 ESCALA PLATA,T
PRVE15,MOSS,16051,EC,SO,16051 ESCALA TORNASOL,T
PRVE15,MOSS,16051,LE,NE,16051 LENTEJUELA NEGRO,T
PRVE15,MOSS,16051,RB,M_,16051 ROMBOS MAQUILLAJE,T
PRVE15,MOSS,16051,RB,NE,16051 ROMBOS NEGRO,T
PRVE15,MOSS,16051,RB,OS,16051 ROMBOS ORO ROSADO,T
PRVE15,MOSS,16051,TF,AL,16051 TEXTIL FLORE AZUL,T
PRVE15,MOSS,16051,TF,RS,16051 TEXTIL FLORE ROSA,T
PRVE15,MOSS,16051,TJ,GM,16051 TEJIDO MAGENTA,T
PRVE15,MOSS,16051,TX,MC,16051 TEXTIL MULTICOLOR,T
PRVE15,MOSS,16051,TX,OX,16051 TEXTIL GRIS OXFORD,T
PRVE15,MOSS,16052,DU,IC,16052 DURAZNO CHITA,T
PRVE15,NICKI,13275,SI,CH,13275 SINTETICO CHAMPACNE,T
PRVE15,NICKI,13275,SI,PI,13275 SINTETICO PIUTER,T
PRVE15,NICKI,13276,SI,CH,13276 SINTETICO CHAMPACNE,T
PRVE15,NICKI,13276,SI,PI,13276 SINTETICO PIUTER,T
PRVE15,NICKI,13276,TF,NE,13276 TEXTIL FLORE NEGRO,T
PRVE15,NICKI,13276,TX,C6,13276 TEXTIL CORAL,T
PRVE15,NICKI,13276,TX,NE,13276 TEXTIL NEGRO,T
PRVE15,NICKI,13276,TX,N_,13276 TEXTIL NUDE,T
PRVE15,NICKI,13277,EC,SO,13277 ESCALA TORNASOL,T
PRVE15,NICKI,13277,VB,BL,13277 VIBORA BLANCO,T
PRVE15,NICKI,13279,CH,RO,13279 CHAROL ROJO,T
PRVE15,PIEDRA,PB014,PI,CA,PB014 PIEL CAFE,T
PRVE15,RAQUEL,95151,AN,RP,95151 ANTE ROSA PASTEL,T
PRVE15,RIHANA 2,11661,NA,BL,11661 NAPA BLANCO,T
PRVE15,RIHANA 2,11661,NA,C6,11661 NAPA CORAL,T
PRVE15,RIHANA 2,11661,NA,M_,11661 NAPA MAQUILLAJE,T
PRVE15,RIHANA 2,11661,NA,NE,11661 NAPA NEGRO,T
PRVE15,RIHANA 2,11661,NA,YL,11661 NAPA YELLOW,T
PRVE15,RIHANA 2,11662,NA,BL,11662 NAPA BLANCO,T
PRVE15,RIHANA 2,11662,NA,C6,11662 NAPA CORAL,T
PRVE15,RIHANA 2,11662,NA,M_,11662 NAPA MAQUILLAJE,T
PRVE15,RIHANA 2,11662,NA,NE,11662 NAPA NEGRO,T
PRVE15,RIHANA 2,11662,NA,RS,11662 NAPA ROSA,T
PRVE15,RIHANA 2,11662,NA,YL,11662 NAPA YELLOW,T
PRVE15,RIHANA 2,11662,PT,NE,11662 PI BRUSCIATO NEGRO,T
PRVE15,RIHANA 2,11664,NA,BL,11664 NAPA BLANCO,T
PRVE15,RIHANA 2,11664,NA,C6,11664 NAPA CORAL,T
PRVE15,RIHANA 2,11664,NA,M_,11664 NAPA MAQUILLAJE,T
PRVE15,RIHANA 2,11664,NA,NE,11664 NAPA NEGRO,T
PRVE15,RUSSELL,20001,SM,GR,20001 PI SAMUA GRIS,T
PRVE15,TIARA,90036,VB,BL,90036 VIBORA BLANCO,T
PRVE15,TIARA,90036,VB,M_,90036 VIBORA MAQUILLAJE,T
PRVE15,TIARA,90036,VB,NE,90036 VIBORA NEGRO,T
PRVE15,TULLY,60081,NA,BL,60081 NAPA BLANCO,T
PRVE15,TULLY,60081,NA,BN,60081 NAPA BLANCO NEGRO,T
PRVE15,TULLY,60081,NA,NE,60081 NAPA NEGRO,T
PRVE15,TULLY,60081,TE,NE,60081 TELA NEGRO,T
PRVE15,TULLY,60081,TF,NE,60081 TEXTIL FLORE NEGRO,T
PRVE15,TULLY,60081,TO,PL,60081 TORNASOL PLATA,T
PRVE16,ALESSANDRA,13582,CH,NE,13582 CHAROL NEGRO,T
PRVE16,ALESSANDRA,13582,CH,PA,13582 CHAROL PATHE,T
PRVE16,ALESSANDRA,13582,VB,NE,13582 VIBORA NEGRO,T
PRVE16,ALESSANDRA,13582,VB,P7,13582 VIBORA PEYOTE,T
PRVE16,ALESSANDRA,13582,VB,PL,13582 VIBORA PLATA,T
PRVE16,ALESSANDRA,13583,ML,NB,13583 MALLA NE/BLANCO,T
PRVE16,ALESSANDRA,13583,NB,NE,13583 NABUCO NEGRO,T
PRVE16,ALESSANDRA,13583,SK,BL,13583 SNAKE BLANCO,T
PRVE16,ALESSANDRA,13583,SK,NE,13583 SNAKE NEGRO,T
PRVE16,ALESSANDRA,13583,VB,TU,13583 VIBORA TAUPE,T
PRVE16,ALESSANDRA,13584,NB,NE,13584 NABUCO NEGRO,T
PRVE16,ALESSANDRA,13584,SG,BL,13584 GLAMOUR BLANCO,T
PRVE16,ALESSANDRA,13584,SG,ZG,13584 GLAMOUR AZUL GRIS,T
PRVE16,ALESSANDRA,13584,SI,NN,13584 SINTETICO NEGRO/NEGRO,T
PRVE16,ALESSANDRA,13586,SV,NE,13586 SINT VAQUETA NEGRO,T
PRVE16,ALPES,12647,CH,G3,12647 CHAROL GRIS CALIZA,T
PRVE16,ALPES,12647,CH,ZG,12647 CHAROL AZUL GRIS,T
PRVE16,ALPES,12647,DU,B¥,12647 DURAZNO BLUE,T
PRVE16,ALPES,12647,DU,CK,12647 DURAZNO CHABACANO,T
PRVE16,ALPES,12647,DU,MT,12647 DURAZNO MENTA,T
PRVE16,ALPES,12647,SC,DU,12647 SINT CABRA DURAZNO,T
PRVE16,ALPES,12647,SC,TM,12647 SINT CABRA TOMATE,T
PRVE16,ALPES,12647,SK,PE,12647 SNAKE PERLA,T
PRVE16,ALPES,12647,SK,PL,12647 SNAKE PLATA,T
PRVE16,ALPES,12647,SM,GR,12647 PI SAMUA GRIS,T
PRVE16,ALPES,12647,SM,NE,12647 PI SAMUA NEGRO,T
PRVE16,ALPES,12647,SM,PA,12647 PI SAMUA PATHE,T
PRVE16,ALPES,12647,SM,VI,12647 PI SAMUA VINO,T
PRVE16,ALPES,12647,TF,AP,12647 TEXTIL FLORE AZUL PLUMBAGO,T
PRVE16,ALPES,12647,TF,MC,12647 TEXTIL FLORE MULTICOLOR,T
PRVE16,ALPES,12647,VB,CZ,12647 VIBORA CAMEL,T
PRVE16,ALPES,12647,VB,TU,12647 VIBORA TAUPE,T
PRVE16,ALPES,12647,VB,YL,12647 VIBORA YELLOW,T
PRVE16,AND NICKI,1604,TX,NE,1604  TEXTIL NEGRO,T
PRVE16,ANDSABRINA,1603,TX,LE,1603  TEXTIL LEOPARDO,T
PRVE16,BARBIE,75015,CH,G3,75015 CHAROL GRIS CALIZA,T
PRVE16,BARBIE,75015,SK,PE,75015 SNAKE PERLA,T
PRVE16,BARBIE,75015,SK,PL,75015 SNAKE PLATA,T
PRVE16,BARBIE,75015,SM,GR,75015 PI SAMUA GRIS,T
PRVE16,BARBIE,75015,SM,NE,75015 PI SAMUA NEGRO,T
PRVE16,BARBIE,75015,SM,PA,75015 PI SAMUA PATHE,T
PRVE16,BARBIE,75015,SM,VI,75015 PI SAMUA VINO,T
PRVE16,BLU,10551,NB,NE,10551 NABUCO NEGRO,T
PRVE16,BOLSAS,BO001,TA,BL,BO001 TAMBOREADO BLANCO,T
PRVE16,BOLSAS,BO001,TA,NE,BO001 TAMBOREADO NEGRO,T
PRVE16,BOLSAS,BO001,TA,RO,BO001 TAMBOREADO ROJO,T
PRVE16,BOLSAS,BO002,TA,BL,BO002 TAMBOREADO BLANCO,T
PRVE16,BOLSAS,BO002,TA,NE,BO002 TAMBOREADO NEGRO,T
PRVE16,BOLSAS,BO003,TA,AL,BO003 TAMBOREADO AZUL,T
PRVE16,BOLSAS,BO003,TA,BL,BO003 TAMBOREADO BLANCO,T
PRVE16,BOLSAS,BO003,TA,CA,BO003 TAMBOREADO CAFE,T
PRVE16,BOLSAS,BO004,AT,BU,BO004 ATANADO BURGUNDY,T
PRVE16,BOLSAS,BO004,AT,CA,BO004 ATANADO CAFE,T
PRVE16,BOLSAS,BO004,LZ,GR,BO004 LIZARD GRIS,T
PRVE16,BOLSAS,BO005,TA,AL,BO005 TAMBOREADO AZUL,T
PRVE16,BOLSAS,BO005,TA,NE,BO005 TAMBOREADO NEGRO,T
PRVE16,BOLSAS,BO005,TA,RO,BO005 TAMBOREADO ROJO,T
PRVE16,BOLSAS,BO007,AT,AL,BO007 ATANADO AZUL,T
PRVE16,BOLSAS,BO007,C7,BR,BO007 CROCO BRONCE,T
PRVE16,BOLSAS,BO007,LZ,GR,BO007 LIZARD GRIS,T
PRVE16,BOLSAS,BO007,TQ,NE,BO007 TRANSFER NEGRO,T
PRVE16,BOLSAS,BO008,AT,NE,BO008 ATANADO NEGRO,T
PRVE16,BOLSAS,BO008,AT,TI,BO008 ATANADO ANTIMONIO,T
PRVE16,BOLSAS,BO008,TQ,NE,BO008 TRANSFER NEGRO,T
PRVE16,BOLSAS,BO009,AT,BU,BO009 ATANADO BURGUNDY,T
PRVE16,BOLSAS,BO009,SI,N_,BO009 SINTETICO NUDE,T
PRVE16,BOLSAS,BO010,EP,SO,BO010 ESPEJO TORNASOL,T
PRVE16,CANDY,11077,CH,G3,11077 CHAROL GRIS CALIZA,T
PRVE16,CANDY,11077,CH,M_,11077 CHAROL MAQUILLAJE,T
PRVE16,CANDY,11077,CH,ZG,11077 CHAROL AZUL GRIS,T
PRVE16,CANDY,11077,P1,BL,11077 PERFORADO BLANCO,T
PRVE16,CANDY,11077,P1,NE,11077 PERFORADO NEGRO,T
PRVE16,CANDY,11077,SC,CK,11077 SINT CABRA CHABACANO,T
PRVE16,CANDY,11077,VB,BN,11077 VIBORA BLANCO NEGRO,T
PRVE16,CANDY,11077,VB,YL,11077 VIBORA YELLOW,T
PRVE16,CANDY,11100,CH,PA,11100 CHAROL PATHE,T
PRVE16,CANDY,11100,P1,BL,11100 PERFORADO BLANCO,T
PRVE16,CANDY,11100,P1,NE,11100 PERFORADO NEGRO,T
PRVE16,CANDY,11119,NA,NE,11119 NAPA NEGRO,T
PRVE16,CANDY,11119,NA,P5,11119 NAPA BLANCO/PLATA,T
PRVE16,CANDY,11119,VB,TU,11119 VIBORA TAUPE,T
PRVE16,CANDY,11122,BO,NE,11122 SINT BORA NEGRO,T
PRVE16,CANDY,11122,VB,P7,11122 VIBORA PEYOTE,T
PRVE16,CANDY,11122,VB,SG,11122 VIBORA SILVER GREY,T
PRVE16,CANDY,11123,CH,PA,11123 CHAROL PATHE,T
PRVE16,CANDY,11123,NB,NE,11123 NABUCO NEGRO,T
PRVE16,CANDY,11123,SC,RO,11123 SINT CABRA ROJO,T
PRVE16,CANDY,11123,VB,SG,11123 VIBORA SILVER GREY,T
PRVE16,CANDY,11127,MP,NE,11127 MICROPIEL NEGRO,T
PRVE16,CANDY,11127,NM,OR,11127 NAPA METALIC ORO,T
PRVE16,CANDY,11127,NM,PL,11127 NAPA METALIC PLATA,T
PRVE16,CRIME USA,P5130,PI,CA,P5130 PIEL CAFE,T
PRVE16,CRIME USA,P5131,PI,RO,P5131 PIEL ROJO,T
PRVE16,DOLCE,60251,CH,G3,60251 CHAROL GRIS CALIZA,T
PRVE16,DOLCE,60251,CH,M_,60251 CHAROL MAQUILLAJE,T
PRVE16,DOLCE,60251,CH,NE,60251 CHAROL NEGRO,T
PRVE16,DOLCE,60251,CH,PA,60251 CHAROL PATHE,T
PRVE16,DOLCE,60251,CH,ZG,60251 CHAROL AZUL GRIS,T
PRVE16,DOLCE,60251,SM,GR,60251 PI SAMUA GRIS,T
PRVE16,DOLCE,60251,SM,NE,60251 PI SAMUA NEGRO,T
PRVE16,DOLCE,60251,SM,PA,60251 PI SAMUA PATHE,T
PRVE16,DOLCE,60251,SM,VI,60251 PI SAMUA VINO,T
PRVE16,DSQ 100,10303,SI,NE,10303 SINTETICO NEGRO,T
PRVE16,DSQ 100,1525,SI,NE,1525  SINTETICO NEGRO,T
PRVE16,DSQ 100,1525,SI,TN,1525  SINTETICO TAN,T
PRVE16,EMILY,10430,GA,AC,10430 GAMUZA A CIELO,T
PRVE16,EMILY,10430,GA,AM,10430 GAMUZA A MARINO,T
PRVE16,EMILY,10430,GA,AV,10430 GAMUZA AVELLANA,T
PRVE16,EMILY,10430,GA,CC,10430 GAMUZA CHOCOLATE,T
PRVE16,EMILY,10430,GA,GR,10430 GAMUZA GRIS,T
PRVE16,EMILY,10430,GA,NE,10430 GAMUZA NEGRO,T
PRVE16,EMILY,10430,GA,RO,10430 GAMUZA ROJO,T
PRVE16,EMILY,10430,GA,RS,10430 GAMUZA ROSA,T
PRVE16,EMILY,10430,PI,CG,10430 PIEL COGNAC,T
PRVE16,EMILY,10430,PI,NE,10430 PIEL NEGRO,T
PRVE16,FRESA,10673,CB,NE,10673 COBRA NEGRO,T
PRVE16,FRESA,10673,EP,OS,10673 ESPEJO ORO ROSADO,T
PRVE16,FRESA,10673,VB,CZ,10673 VIBORA CAMEL,T
PRVE16,FRESA,10673,VB,P7,10673 VIBORA PEYOTE,T
PRVE16,FRESA,10673,VB,TU,10673 VIBORA TAUPE,T
PRVE16,FRESA,10685,TF,AP,10685 TEXTIL FLORE AZUL PLUMBAGO,T
PRVE16,FRESA,10685,TF,RS,10685 TEXTIL FLORE ROSA,T
PRVE16,FRESA,10685,VB,M1,10685 VIBORA MAQUILLAJE/ORO,T
PRVE16,FRESA,10685,VB,N5,10685 VIBORA NEGRO/PLATA,T
PRVE16,FRESA,10698,NU,NE,10698 NUBUCK NEGRO,T
PRVE16,IGGY,14574,CH,G3,14574 CHAROL GRIS CALIZA,T
PRVE16,IGGY,14574,CH,NE,14574 CHAROL NEGRO,T
PRVE16,IGGY,14574,CH,PA,14574 CHAROL PATHE,T
PRVE16,IGGY,14574,SV,BL,14574 SINT VAQUETA BLANCO,T
PRVE16,KATY,26011,EC,SO,26011 ESCALA TORNASOL,T
PRVE16,KATY,26011,LO,AM,26011 LONA A MARINO,T
PRVE16,KATY,26011,P1,NE,26011 PERFORADO NEGRO,T
PRVE16,KATY,26011,P1,OS,26011 PERFORADO ORO ROSADO,T
PRVE16,KATY,26011,VB,BN,26011 VIBORA BLANCO NEGRO,T
PRVE16,LAFFY,75271,C7,OO,75271 CROCO PLOMO,T
PRVE16,LAFFY,75271,C7,OR,75271 CROCO ORO,T
PRVE16,LAFFY,75271,C7,OS,75271 CROCO ORO ROSADO,T
PRVE16,LAFFY,75271,C7,PL,75271 CROCO PLATA,T
PRVE16,LAFFY,75271,TF,AP,75271 TEXTIL FLORE AZUL PLUMBAGO,T
PRVE16,LAFFY,75271,VB,NE,75271 VIBORA NEGRO,T
PRVE16,LAFFY,75271,VB,P7,75271 VIBORA PEYOTE,T
PRVE16,LESILLA,14076,YU,MC,14076 YUTE MULTICOLOR,T
PRVE16,LESILLA,1645,TX,NE,1645  TEXTIL NEGRO,T
PRVE16,LESILLA,1645,TX,RO,1645  TEXTIL ROJO,T
PRVE16,LILIA,90071,VB,AC,90071 VIBORA A CIELO,T
PRVE16,LILIA,90071,VB,NE,90071 VIBORA NEGRO,T
PRVE16,LILIA,90071,VB,PL,90071 VIBORA PLATA,T
PRVE16,LILIA,90071,VB,RS,90071 VIBORA ROSA,T
PRVE16,LILIA,90072,EP,OM,90072 ESPEJO CAMEL/ORO,T
PRVE16,LILIA,90072,EP,P5,90072 ESPEJO BLANCO/PLATA,T
PRVE16,LILIA,90072,MP,NE,90072 MICROPIEL NEGRO,T
PRVE16,LILIA,90072,NA,PA,90072 NAPA PATHE,T
PRVE16,LILIA,90072,SV,BL,90072 SINT VAQUETA BLANCO,T
PRVE16,LIMA,20081,GL,NE,20081 GLITTER NEGRO,T
PRVE16,LIMA,20081,GL,OS,20081 GLITTER ORO ROSADO,T
PRVE16,LIMA,20081,GL,PL,20081 GLITTER PLATA,T
PRVE16,LONDON,30245,CH,NE,30245 CHAROL NEGRO,T
PRVE16,LONDON,30245,EP,OR,30245 ESPEJO ORO,T
PRVE16,LONDON,30245,EP,PL,30245 ESPEJO PLATA,T
PRVE16,MARIK,10300,SI,FI,10300 SINTETICO FIUSHA,T
PRVE16,MARIK,10300,SI,YL,10300 SINTETICO YELLOW,T
PRVE16,MELOSA,90742,NM,PL,90742 NAPA METALIC PLATA,T
PRVE16,MELOSA,90742,SV,BL,90742 SINT VAQUETA BLANCO,T
PRVE16,MELOSA,90742,SV,CZ,90742 SINT VAQUETA CAMEL,T
PRVE16,MELOSA,90742,SV,NE,90742 SINT VAQUETA NEGRO,T
PRVE16,MELOSA,90742,SV,OR,90742 SINT VAQUETA ORO,T
PRVE16,MELOSA,90742,SV,OS,90742 SINT VAQUETA ORO ROSADO,T
PRVE16,MELOSA,90742,SV,PL,90742 SINT VAQUETA PLATA,T
PRVE16,METRO,P5117,PI,NE,P5117 PIEL NEGRO,T
PRVE16,METRO,P5118,PI,CG,P5118 PIEL COGNAC,T
PRVE16,MIU,40071,NM,OS,40071 NAPA METALIC ORO ROSADO,T
PRVE16,MIU,40071,NM,PL,40071 NAPA METALIC PLATA,T
PRVE16,MIU,40071,SM,PA,40071 PI SAMUA PATHE,T
PRVE16,MIU,40074,CH,G3,40074 CHAROL GRIS CALIZA,T
PRVE16,MIU,40074,CH,ZG,40074 CHAROL AZUL GRIS,T
PRVE16,MIU,40076,RP,NE,40076 REPTIL NEGRO,T
PRVE16,MIU,40076,VB,PL,40076 VIBORA PLATA,T
PRVE16,MOSS,16051,TX,LE,16051 TEXTIL LEOPARDO,T
PRVE16,MOSS,16051,VB,M1,16051 VIBORA MAQUILLAJE/ORO,T
PRVE16,MOSS,16051,VB,N5,16051 VIBORA NEGRO/PLATA,T
PRVE16,MOSS,16051,VB,P7,16051 VIBORA PEYOTE,T
PRVE16,MOSS,16052,TF,AP,16052 TEXTIL FLORE AZUL PLUMBAGO,T
PRVE16,NICKI,13275,CH,PG,13275 CHAROL PATHE/NEGRO,T
PRVE16,NICKI,13275,MP,NE,13275 MICROPIEL NEGRO,T
PRVE16,NICKI,13275,P1,BN,13275 PERFORADO BLANCO NEGRO,T
PRVE16,NICKI,13275,SG,NE,13275 GLAMOUR NEGRO,T
PRVE16,NICKI,13279,CH,M_,13279 CHAROL MAQUILLAJE,T
PRVE16,NICKI,13279,CH,NE,13279 CHAROL NEGRO,T
PRVE16,NICKI,13279,CH,PA,13279 CHAROL PATHE,T
PRVE16,NICKI,13279,CH,ZG,13279 CHAROL AZUL GRIS,T
PRVE16,NICKI,13279,VB,P7,13279 VIBORA PEYOTE,T
PRVE16,NICKI,13279,VB,PL,13279 VIBORA PLATA,T
PRVE16,PINGUI,11571,SM,GR,11571 PI SAMUA GRIS,T
PRVE16,PINGUI,11571,SM,NE,11571 PI SAMUA NEGRO,T
PRVE16,PINGUI,11571,SM,PA,11571 PI SAMUA PATHE,T
PRVE16,PINGUI,11571,SM,VI,11571 PI SAMUA VINO,T
PRVE16,RAQUEL,95151,AN,G3,95151 ANTE GRIS CALIZA,T
PRVE16,RAQUEL,95151,AN,ZG,95151 ANTE AZUL GRIS,T
PRVE16,RAQUEL,95151,SM,NE,95151 PI SAMUA NEGRO,T
PRVE16,RAQUEL,95151,SM,PA,95151 PI SAMUA PATHE,T
PRVE16,REMEDIOS,10529,AN,NE,10529 ANTE NEGRO,T
PRVE16,RIHANA 2,11661,VB,TU,11661 VIBORA TAUPE,T
PRVE16,RIHANA 2,11662,P1,AL,11662 PERFORADO AZUL,T
PRVE16,RIHANA 2,11662,P1,BL,11662 PERFORADO BLANCO,T
PRVE16,RIHANA 2,11662,P1,NE,11662 PERFORADO NEGRO,T
PRVE16,RUSSELL,20001,TR,OR,20001 TERNERA ORO,T
PRVE16,RUSSELL,20003,SM,GR,20003 PI SAMUA GRIS,T
PRVE16,RUSSELL,20003,TR,OR,20003 TERNERA ORO,T
PRVE16,SABRINA,11002,SM,GR,11002 PI SAMUA GRIS,T
PRVE16,SABRINA,11002,SM,NE,11002 PI SAMUA NEGRO,T
PRVE16,SABRINA,11002,SM,PA,11002 PI SAMUA PATHE,T
PRVE16,SABRINA,11002,SM,VI,11002 PI SAMUA VINO,T
PRVE16,SARA,11061,CH,ZM,11061 CHAROL AZUL MARINO,T
PRVE16,SPICE,13625,BO,BL,13625 SINT BORA BLANCO,T
PRVE16,SPICE,13625,BO,G3,13625 SINT BORA GRIS CALIZA,T
PRVE16,SPICE,13625,BO,M_,13625 SINT BORA MAQUILLAJE,T
PRVE16,SPICE,13625,MP,NE,13625 MICROPIEL NEGRO,T
PRVE16,SPICE,13625,NA,VI,13625 NAPA VINO,T
PRVE16,SPICE,13627,GL,NE,13627 GLITTER NEGRO,T
PRVE16,SPICE,13627,GL,PL,13627 GLITTER PLATA,T
PRVE16,TIARA,90036,C7,OO,90036 CROCO PLOMO,T
PRVE16,TIARA,90036,C7,OS,90036 CROCO ORO ROSADO,T
PRVE16,TIARA,90036,C7,PL,90036 CROCO PLATA,T
PRVE16,TIARA,90036,NB,NE,90036 NABUCO NEGRO,T
PRVE16,TIARA,90036,SK,PE,90036 SNAKE PERLA,T
PRVE16,TIARA,90036,SM,GR,90036 PI SAMUA GRIS,T
PRVE16,TIARA,90036,SM,NE,90036 PI SAMUA NEGRO,T
PRVE16,TIARA,90036,SM,PA,90036 PI SAMUA PATHE,T
PRVE16,TIARA,90036,SM,VI,90036 PI SAMUA VINO,T
PRVE16,TIARA,90044,DU,NE,90044 DURAZNO NEGRO,T
PRVE16,TIARA,90044,DU,N_,90044 DURAZNO NUDE,T
PRVE16,TIARA,90044,DU,VI,90044 DURAZNO VINO,T
PRVE16,TIARA,90044,VB,P7,90044 VIBORA PEYOTE,T
PRVE16,TOP,45025,CH,G3,45025 CHAROL GRIS CALIZA,T
PRVE16,TOP,45025,CH,OR,45025 CHAROL ORO,T
PRVE16,TOP,45025,CH,ZG,45025 CHAROL AZUL GRIS,T
PRVE16,TOP,45031,AT,NE,45031 ATANADO NEGRO,T
PRVE16,TOP,45031,TR,OR,45031 TERNERA ORO,T
PRVE16,TOP,45031,TR,OS,45031 TERNERA ORO ROSADO,T
PRVE16,TOP,45031,TR,PL,45031 TERNERA PLATA,T
PRVE16,TULLY,60081,C7,OS,60081 CROCO ORO ROSADO,T
PRVE16,TULLY,60081,C7,PL,60081 CROCO PLATA,T
PRVE16,TULLY,60086,EP,OR,60086 ESPEJO ORO,T
PRVE16,TULLY,60086,EP,PL,60086 ESPEJO PLATA,T
PRVE16,TURINDOBLE,10302,PI,RS,10302 PIEL ROSA,T
PRVE16,VAQUERA,P5107,PI,CA,P5107 PIEL CAFE,T
PRVE16,VAQUERA,P5109,PI,TN,P5109 PIEL TAN,T
PRVE16,VAQUERA,P5112,PI,GR,P5112 PIEL GRIS,T
PRVE16,VAQUERA,P5114,GA,NE,P5114 GAMUZA NEGRO,T
PRVE16,VAQUERA,P5121,PI,CA,P5121 PIEL CAFE,T
PRVE16,VAQUERA,P5122,PI,NE,P5122 PIEL NEGRO,T
PRVE16,VAQUERA,P5123,PI,GR,P5123 PIEL GRIS,T
PRVE16,VAQUERA,P5142,GA,OL,P5142 GAMUZA OLIVO,T
PRVE16,YOGA,75169,MZ,CG,75169 MESTIZO COGNAC,T
PRVE16,YOGA,75169,MZ,NE,75169 MESTIZO NEGRO,T
PRVE16,ZOE,13901,DU,NE,13901 DURAZNO NEGRO,T
PRVE16,ZOMBIE,8060,PI,C3,8060  PIEL CAFE OSCURO,T
PRVE17,ABY 2,13681,SM,NE,13681 PI SAMUA NEGRO,T
PRVE17,ABY 2,13683,DU,MS,13683 DURAZNO MOSTAZA,T
PRVE17,ADRIANA,12981,SI,B5,12981 SINTETICO BLANCO/ORO,T
PRVE17,ADRIANA,12981,ST,AL,12981 SINT TOGA AZUL,T
PRVE17,ADRIANA,12981,ST,NE,12981 SINT TOGA NEGRO,T
PRVE17,ADRIANA,12982,NB,NE,12982 NABUCO NEGRO,T
PRVE17,ADRIANA,12982,NM,OR,12982 NAPA METALIC ORO,T
PRVE17,ADRIANA,12982,SI,B5,12982 SINTETICO BLANCO/ORO,T
PRVE17,ADRIANA,12984,DU,NE,12984 DURAZNO NEGRO,T
PRVE17,ADRIANA,12984,DU,N_,12984 DURAZNO NUDE,T
PRVE17,ADRIANA,12984,TX,MI,12984 TEXTIL MIEL,T
PRVE17,AIDA,35222,TX,AL,35222 TEXTIL AZUL,T
PRVE17,AIDA,35222,TX,BA,35222 TEXTIL BLANCO AZUL,T
PRVE17,AIDA,35222,TX,BE,35222 TEXTIL BEIGE,T
PRVE17,AIDA,35222,TX,NB,35222 TEXTIL NE/BLANCO,T
PRVE17,AIDA,35222,TX,TB,35222 TEXTIL TAUPE/BLANCO,T
PRVE17,AIME,30021,SC,AM,30021 SINT CABRA A MARINO,T
PRVE17,AIME,30021,SC,NE,30021 SINT CABRA NEGRO,T
PRVE17,AIME,30021,SC,TN,30021 SINT CABRA TAN,T
PRVE17,AIME,30021,SI,B5,30021 SINTETICO BLANCO/ORO,T
PRVE17,AIME,30022,CH,N_,30022 CHAROL NUDE,T
PRVE17,AIME,30022,EP,OR,30022 ESPEJO ORO,T
PRVE17,AIME,30022,NB,NE,30022 NABUCO NEGRO,T
PRVE17,AIME,30022,SC,TN,30022 SINT CABRA TAN,T
PRVE17,AIME,30022,SV,BL,30022 SINT VAQUETA BLANCO,T
PRVE17,ALPES,12647,CH,RD,12647 CHAROL ROSADO,T
PRVE17,ALPES,12647,CH,TN,12647 CHAROL TAN,T
PRVE17,ALPES,12647,DU,AC,12647 DURAZNO A CIELO,T
PRVE17,ALPES,12647,DU,AD,12647 DURAZNO ADOBE,T
PRVE17,ALPES,12647,DU,FA,12647 DURAZNO FLAMA,T
PRVE17,ALPES,12647,GA,BU,12647 GAMUZA BURGUNDY,T
PRVE17,ALPES,12647,SC,CK,12647 SINT CABRA CHABACANO,T
PRVE17,ALPES,12647,SI,B5,12647 SINTETICO BLANCO/ORO,T
PRVE17,ALPES,12647,SI,BJ,12647 SINTETICO BERENJENA,T
PRVE17,ALPES,12647,ST,AL,12647 SINT TOGA AZUL,T
PRVE17,ALPES,12647,ST,BR,12647 SINT TOGA BRONCE,T
PRVE17,ALPES,12647,ST,M2,12647 SINT TOGA MERCURIO,T
PRVE17,ALPES,12647,ST,NE,12647 SINT TOGA NEGRO,T
PRVE17,BLU,10551,DU,P6,10551 DURAZNO PEONIA,T
PRVE17,BLU,10551,SI,RO,10551 SINTETICO ROJO,T
PRVE17,BLU,10552,TX,MI,10552 TEXTIL MIEL,T
PRVE17,BLU,10552,TX,NN,10552 TEXTIL NEGRO/NEGRO,T
PRVE17,BLU,10552,TX,RO,10552 TEXTIL ROJO,T
PRVE17,BLU,10554,CH,N_,10554 CHAROL NUDE,T
PRVE17,BLU,10554,EP,OR,10554 ESPEJO ORO,T
PRVE17,BLU,10554,NB,NE,10554 NABUCO NEGRO,T
PRVE17,BLU,10554,TX,RO,10554 TEXTIL ROJO,T
PRVE17,CALIFORNIA,30222,TC,AL,30222 TERCIOPELO AZUL,T
PRVE17,CALIFORNIA,30222,TC,NE,30222 TERCIOPELO NEGRO,T
PRVE17,CALIFORNIA,30222,TC,VE,30222 TERCIOPELO VERDE,T
PRVE17,CALIFORNIA,30222,TC,VI,30222 TERCIOPELO VINO,T
PRVE17,CANDY,11123,GX,SE,11123 GALAXY SEDA,T
PRVE17,CANDY,11123,NB,CL,11123 NABUCO COBALTO,T
PRVE17,CANDY,11123,SI,OR,11123 SINTETICO ORO,T
PRVE17,CANDY,11131,DU,RO,11131 DURAZNO ROJO,T
PRVE17,CANDY,11131,VB,M2,11131 VIBORA MERCURIO,T
PRVE17,CANDY,11973,CH,N_,11973 CHAROL NUDE,T
PRVE17,CANDY,11973,ST,M2,11973 SINT TOGA MERCURIO,T
PRVE17,CANDY,11973,ST,NE,11973 SINT TOGA NEGRO,T
PRVE17,CANDY,11973,VB,BN,11973 VIBORA BLANCO NEGRO,T
PRVE17,CANDY,11974,CQ,OS,11974 CRAQ ORO ROSADO,T
PRVE17,CANDY,11974,GL,RS,11974 GLITTER ROSA,T
PRVE17,CANDY,11974,SI,OR,11974 SINTETICO ORO,T
PRVE17,CANDY,11974,SV,BL,11974 SINT VAQUETA BLANCO,T
PRVE17,CANDY,11974,VB,PL,11974 VIBORA PLATA,T
PRVE17,DIANA,90081,PI,NE,90081 PIEL NEGRO,T
PRVE17,DIANA,90081,TR,IN,90081 TERNERA INOX,T
PRVE17,DIANA,90081,TR,M2,90081 TERNERA MERCURIO,T
PRVE17,DIANA,90083,CH,NE,90083 CHAROL NEGRO,T
PRVE17,DIANA,90083,DU,N_,90083 DURAZNO NUDE,T
PRVE17,DIANA,90083,SI,B5,90083 SINTETICO BLANCO/ORO,T
PRVE17,DIANA,90084,GA,NE,90084 GAMUZA NEGRO,T
PRVE17,DOLCE,60251,CH,TN,60251 CHAROL TAN,T
PRVE17,DOLCE,60251,DU,P6,60251 DURAZNO PEONIA,T
PRVE17,DOLCE,60251,DU,RO,60251 DURAZNO ROJO,T
PRVE17,DOLCE,60251,NB,NE,60251 NABUCO NEGRO,T
PRVE17,DOLCE,60251,P1,OR,60251 PERFORADO ORO,T
PRVE17,DOLCE,60251,VB,M2,60251 VIBORA MERCURIO,T
PRVE17,DSQROBUSTO,18298,TX,AL,18298 TEXTIL AZUL,T
PRVE17,DSQROBUSTO,18298,TX,FI,18298 TEXTIL FIUSHA,T
PRVE17,EMILY,10431,PI,AL,10431 PIEL AZUL,T
PRVE17,EMILY,10431,PI,CC,10431 PIEL CHOCOLATE,T
PRVE17,EMILY,10431,PI,NE,10431 PIEL NEGRO,T
PRVE17,EMILY,10431,PI,TN,10431 PIEL TAN,T
PRVE17,EMILY,10432,GA,AC,10432 GAMUZA A CIELO,T
PRVE17,EMILY,10432,GA,AV,10432 GAMUZA AVELLANA,T
PRVE17,EMILY,10432,GA,CC,10432 GAMUZA CHOCOLATE,T
PRVE17,EMILY,10432,GA,NE,10432 GAMUZA NEGRO,T
PRVE17,EMILY,10432,GA,RO,10432 GAMUZA ROJO,T
PRVE17,EMILY,10432,GA,RS,10432 GAMUZA ROSA,T
PRVE17,EMILY,10433,GA,AV,10433 GAMUZA AVELLANA,T
PRVE17,EMILY,10433,GA,CC,10433 GAMUZA CHOCOLATE,T
PRVE17,EMILY,10433,GA,NE,10433 GAMUZA NEGRO,T
PRVE17,EMILY,10433,PI,AR,10433 PIEL AZULREY,T
PRVE17,EMILY,10433,PI,NB,10433 PIEL NE/BLANCO,T
PRVE17,EMILY,10433,PI,NE,10433 PIEL NEGRO,T
PRVE17,EMILY,10434,GA,NE,10434 GAMUZA NEGRO,T
PRVE17,EMILY,10434,PI,NE,10434 PIEL NEGRO,T
PRVE17,FRESA,10673,CH,NN,10673 CHAROL NEGRO/NEGRO,T
PRVE17,FRESA,10673,CH,TN,10673 CHAROL TAN,T
PRVE17,FRESA,10673,SI,B5,10673 SINTETICO BLANCO/ORO,T
PRVE17,FRESA,10673,SI,PI,10673 SINTETICO PIUTER,T
PRVE17,FRESA,10673,ST,M2,10673 SINT TOGA MERCURIO,T
PRVE17,FRESA,10693,GL,AM,10693 GLITTER A MARINO,T
PRVE17,FRESA,10693,GL,OO,10693 GLITTER PLOMO,T
PRVE17,FRESA,10693,GL,OR,10693 GLITTER ORO,T
PRVE17,FRESA II,10699,CH,N_,10699 CHAROL NUDE,T
PRVE17,FRESA II,10699,NM,M2,10699 NAPA METALIC MERCURIO,T
PRVE17,FRESA II,10699,ST,NE,10699 SINT TOGA NEGRO,T
PRVE17,FRESA II,10700,AN,NE,10700 ANTE NEGRO,T
PRVE17,FRESA II,10700,AN,N_,10700 ANTE NUDE,T
PRVE17,FRESA II,10700,AN,R1,10700 ANTE ROJO FRESA,T
PRVE17,IRIS,30091,CH,NE,30091 CHAROL NEGRO,T
PRVE17,IRIS,30091,CH,N_,30091 CHAROL NUDE,T
PRVE17,IRIS,30091,SI,P4,30091 SINTETICO PLATINO,T
PRVE17,IRIS,30092,CH,N_,30092 CHAROL NUDE,T
PRVE17,IRIS,30092,CH,TN,30092 CHAROL TAN,T
PRVE17,IRIS,30093,CH,NE,30093 CHAROL NEGRO,T
PRVE17,IRIS,30093,CH,N_,30093 CHAROL NUDE,T
PRVE17,IRIS,30093,SI,B5,30093 SINTETICO BLANCO/ORO,T
PRVE17,IRIS,30093,ST,BR,30093 SINT TOGA BRONCE,T
PRVE17,KERR,17011,GL,RD,17011 GLITTER ROSADO,T
PRVE17,KERR,17011,ME,AL,17011 MEZCLILLA AZUL,T
PRVE17,KERR,17011,ML,M2,17011 MALLA MERCURIO,T
PRVE17,KERR,17011,TX,BN,17011 TEXTIL BLANCO NEGRO,T
PRVE17,KERR,17012,EP,OO,17012 ESPEJO PLOMO,T
PRVE17,KERR,17012,SI,B5,17012 SINTETICO BLANCO/ORO,T
PRVE17,KERR,17013,P1,M2,17013 PERFORADO MERCURIO,T
PRVE17,KERR,17013,SC,N_,17013 SINT CABRA NUDE,T
PRVE17,KERR,17013,SI,P4,17013 SINTETICO PLATINO,T
PRVE17,KERR,17014,GL,BE,17014 GLITTER BEIGE,T
PRVE17,KERR,17014,P1,M2,17014 PERFORADO MERCURIO,T
PRVE17,KERR,17014,P1,NE,17014 PERFORADO NEGRO,T
PRVE17,KERR,17014,P1,OR,17014 PERFORADO ORO,T
PRVE17,LESILLA,14076,TX,HC,14076 TEXTIL HUICHOL,T
PRVE17,LESILLA,14862,TX,MJ,14862 TEXTIL MULTIROJO,T
PRVE17,LONDON,30245,CH,N_,30245 CHAROL NUDE,T
PRVE17,LONDON,30245,EP,OS,30245 ESPEJO ORO ROSADO,T
PRVE17,LONDON,30245,NM,M2,30245 NAPA METALIC MERCURIO,T
PRVE17,LOTTO,18312,TX,MC,18312 TEXTIL MULTICOLOR,T
PRVE17,LOTTO,18312,TX,MI,18312 TEXTIL MIEL,T
PRVE17,MARIA,95161,DU,MI,95161 DURAZNO MIEL,T
PRVE17,MARIA,95161,NB,NE,95161 NABUCO NEGRO,T
PRVE17,MARIA,95161,SI,RO,95161 SINTETICO ROJO,T
PRVE17,MARIA,95162,KS,N_,95162 KANSAS NUDE,T
PRVE17,MARIA,95162,NB,NE,95162 NABUCO NEGRO,T
PRVE17,MARIA,95162,SV,BL,95162 SINT VAQUETA BLANCO,T
PRVE17,MARIK,10300,SI,TQ,10300 SINTETICO AZUL TURQUEZA,T
PRVE17,MEGAN,11932,CH,N_,11932 CHAROL NUDE,T
PRVE17,MEGAN,11932,CH,TN,11932 CHAROL TAN,T
PRVE17,MEGAN,11932,SH,NE,11932 TOGA SHAIN NEGRO,T
PRVE17,MEGAN,11932,SI,P4,11932 SINTETICO PLATINO,T
PRVE17,MEGAN,11933,GA,AV,11933 GAMUZA AVELLANA,T
PRVE17,MEGAN,11933,GA,NE,11933 GAMUZA NEGRO,T
PRVE17,MEGAN,11933,GA,VI,11933 GAMUZA VINO,T
PRVE17,MIU,40071,ML,M2,40071 MALLA MERCURIO,T
PRVE17,MIU,40071,P1,OR,40071 PERFORADO ORO,T
PRVE17,MIU,40074,GL,AM,40074 GLITTER A MARINO,T
PRVE17,MIU,40074,VB,M2,40074 VIBORA MERCURIO,T
PRVE17,MIU,40074,VB,OR,40074 VIBORA ORO,T
PRVE17,MIU,40074,VB,P2,40074 VIBORA PEYOTE,T
PRVE17,MOSS,16051,GL,B5,16051 GLITTER BLANCO/ORO,T
PRVE17,MOSS,16051,GL,NH,16051 GLITTER NEGRO/ORO,T
PRVE17,MOSS,16051,GL,OR,16051 GLITTER ORO,T
PRVE17,MOSS,16051,NM,M2,16051 NAPA METALIC MERCURIO,T
PRVE17,MOSS,16051,SI,AM,16051 SINTETICO A MARINO,T
PRVE17,MOSS,16052,DU,RO,16052 DURAZNO ROJO,T
PRVE17,MOSS,16052,GL,BE,16052 GLITTER BEIGE,T
PRVE17,MOSS,16052,GL,RS,16052 GLITTER ROSA,T
PRVE17,MOSS,16061,SH,NE,16061 TOGA SHAIN NEGRO,T
PRVE17,MOSS,16061,SH,VI,16061 TOGA SHAIN VINO,T
PRVE17,MOSS,16063,LZ,OR,16063 LIZARD ORO,T
PRVE17,MOSS,16063,SC,NE,16063 SINT CABRA NEGRO,T
PRVE17,NICKI,13275,TC,NE,13275 TERCIOPELO NEGRO,T
PRVE17,NORTH,95253,NU,AE,95253 NUBUCK ARENA,T
PRVE17,NORTH,95253,NU,BU,95253 NUBUCK BURGUNDY,T
PRVE17,NORTH,95253,NU,NN,95253 NUBUCK NEGRO/NEGRO,T
PRVE17,OLIVIA 2,95042,TC,NE,95042 TERCIOPELO NEGRO,T
PRVE17,OLIVIA 2,95042,TC,VE,95042 TERCIOPELO VERDE,T
PRVE17,OLIVIA 2,95042,TC,VI,95042 TERCIOPELO VINO,T
PRVE17,PECAS,80267,GA,BE,80267 GAMUZA BEIGE,T
PRVE17,PECAS,80267,GA,BU,80267 GAMUZA BURGUNDY,T
PRVE17,PECAS,80267,GA,NN,80267 GAMUZA NEGRO/NEGRO,T
PRVE17,RAQUEL,95157,TC,AL,95157 TERCIOPELO AZUL,T
PRVE17,RAQUEL,95157,TC,VE,95157 TERCIOPELO VERDE,T
PRVE17,RUSSELL,20003,TR,M2,20003 TERNERA MERCURIO,T
PRVE17,RUSSELL,20004,TR,M2,20004 TERNERA MERCURIO,T
PRVE17,S-CORDOBA,CORLV,PI,BE,CORLV PIEL BEIGE,T
PRVE17,S-CORDOBA,CORLV,PI,GR,CORLV PIEL GRIS,T
PRVE17,S-CORDOBA,CORLV,PI,MK,CORLV PIEL MOKA,T
PRVE17,S-CORDOBA,CORLV,PI,NE,CORLV PIEL NEGRO,T
PRVE17,S-CORDOBA,CORLV,PI,TA,CORLV PIEL TABACO,T
PRVE17,S-CORDOBA,CORSF,PI,BE,CORSF PIEL BEIGE,T
PRVE17,S-CORDOBA,CORSF,PI,GR,CORSF PIEL GRIS,T
PRVE17,S-CORDOBA,CORSF,PI,MK,CORSF PIEL MOKA,T
PRVE17,S-CORDOBA,CORSF,PI,NE,CORSF PIEL NEGRO,T
PRVE17,S-CORDOBA,CORSF,PI,TA,CORSF PIEL TABACO,T
PRVE17,S-CORDOBA,CORSL,PI,BE,CORSL PIEL BEIGE,T
PRVE17,S-CORDOBA,CORSL,PI,GR,CORSL PIEL GRIS,T
PRVE17,S-CORDOBA,CORSL,PI,MK,CORSL PIEL MOKA,T
PRVE17,S-CORDOBA,CORSL,PI,NE,CORSL PIEL NEGRO,T
PRVE17,S-CORDOBA,CORSL,PI,TA,CORSL PIEL TABACO,T
PRVE17,SARA,11061,SI,P4,11061 SINTETICO PLATINO,T
PRVE17,ZOE,13904,CH,PA,13904 CHAROL PATHE,T
PRVE17,ZOE,13904,LZ,OR,13904 LIZARD ORO,T
PRVE17,ZOE,13904,SC,AM,13904 SINT CABRA A MARINO,T
